Name,Latitude ,Longitute,Estimated central pressure,MSSW,Pressure Drop,sst,Intensity
1bob22dd,5.3,84,1004,25,4,28.8,D
1bob22dd,5.6,83.7,1004,25,4,28.8,D
1bob22dd,6.1,83.4,1004,25,4,29,D
1bob22dd,7.1,83.3,1004,25,4,29,D
1bob22dd,7.8,83.1,1004,25,4,28.8,D
1bob22dd,8.5,83,1004,25,4,28.8,D
1bob22dd,8.9,82.9,1003,25,5,28.3,D
1bob22dd,9.2,82.8,1003,25,5,28.2,D
1bob22dd,10,82.7,1002,30,6,27.9,DD
1bob22dd,10.3,82.6,1002,30,6,27.9,DD
1bob22dd,11,82.6,1002,30,6,28,DD
1bob22dd,11.4,82.6,1002,30,6,28,DD
1bob22dd,11.6,82.6,1002,30,6,28,DD
1bob22dd,11.7,82.5,1002,30,6,28,DD
1bob22dd,11.5,82.4,1003,25,5,28,D
1bob22dd,11.2,82.2,1004,25,4,28,D
3bob22scs,9.4,91.3,996,25,4,30.9,D
3bob22scs,10.3,90.4,995,30,5,31,DD
3bob22scs,10.8,90.1,994,30,5,30.9,DD
3bob22scs,11.2,89.3,992,35,7,30.7,CS
3bob22scs,11.4,89.1,990,40,8,30.4,CS
3bob22scs,11.6,88.7,988,45,10,30.1,CS
3bob22scs,11.8,88.4,988,45,10,30,CS
3bob22scs,12.2,88.2,986,50,12,30,SCS
3bob22scs,12.4,87.9,986,50,12,29.9,SCS
3bob22scs,13,87.5,984,55,14,30.3,SCS
3bob22scs,13.3,87.2,984,55,14,31.5,SCS
3bob22scs,13.8,86.3,983,55,15,30.3,SCS
3bob22scs,14,86,982,55,16,30.3,SCS
3bob22scs,14.3,85.6,982,55,16,30.8,SCS
3bob22scs,14.5,85.3,982,55,16,30.9,SCS
3bob22scs,14.5,85,982,55,16,30.8,SCS
3bob22scs,14.6,84.6,982,55,16,31.2,SCS
3bob22scs,14.7,84.5,982,55,16,31.2,SCS
3bob22scs,14.7,84.2,982,55,16,30.8,SCS
3bob22scs,14.8,84,982,55,16,29,SCS
3bob22scs,14.8,83.3,984,55,14,28.9,SCS
3bob22scs,14.9,82.6,984,55,14,29.4,SCS
3bob22scs,15,82.4,984,55,14,29.8,SCS
3bob22scs,15.2,82.1,984,50,14,30.1,SCS
3bob22scs,15.2,82.1,985,50,13,30.1,SCS
3bob22scs,15.5,81.6,986,50,12,30.2,SCS
3bob22scs,15.6,81.3,986,45,10,29.9,CS
3bob22scs,15.8,81.4,988,45,10,29.9,CS
3bob22scs,15.9,81.4,988,45,10,29.9,CS
3bob22scs,16,81.3,990,40,8,29.8,CS
3bob22scs,16.1,81.3,990,40,8,29.8,CS
3bob22scs,16.3,81.3,992,35,6,29.8,DD
3bob22scs,16.4,81.3,993,30,5,29.8,DD
3bob22scs,16.2,81,994,30,5,30,DD
7arb22d,22.5,66.5,990,25,4,29.5,D
7arb22d,22.4,66,990,25,4,29.3,D
7arb22d,22.3,65.2,990,25,4,29,D
7arb22d,22.2,64.5,990,25,4,28.5,D
7arb22d,22.1,63.8,990,25,4,28.1,D
7arb22d,22,63.6,990,25,4,27.8,D
7arb22d,22,63.4,990,20,3,27.5,D
11bob22cs,12.7,92.4,1004,25,3,29,D
11bob22cs,13.7,91.3,1003,25,4,29,D
11bob22cs,14.2,90.5,1002,25,4,29.1,D
11bob22cs,14.9,89.8,1002,25,4,29.2,D
11bob22cs,15.3,89,1001,30,5,29.3,DD
11bob22cs,15.6,88.4,1000,30,6,29.3,DD
11bob22cs,15.9,88.2,1000,30,6,29.3,DD
11bob22cs,16.7,88.1,999,35,7,29.4,CS
11bob22cs,17,88.2,999,35,7,29.5,CS
11bob22cs,17.3,88.3,998,35,7,29.5,CS
11bob22cs,17.5,88.4,997,40,8,29.5,CS
11bob22cs,18,88.6,996,40,9,29.4,CS
11bob22cs,18.7,88.9,996,45,10,29.4,CS
11bob22cs,19.3,89.2,996,45,10,29.5,CS
11bob22cs,19.9,89.7,996,45,10,29.5,CS
11bob22cs,20.5,89.8,996,45,10,29.6,CS
11bob22cs,21.4,90.2,996,45,10,29.4,CS
13bob22scs,8.2,88.2,1000,25,3,28.5,D
13bob22scs,8.4,87,1000,25,4,28.5,D
13bob22scs,8.6,86.3,999,30,5,28.7,DD
13bob22scs,8.7,85.7,999,30,5,28.1,DD
13bob22scs,8.7,85.5,998,30,5,28.1,DD
13bob22scs,8.9,85,998,30,6,28.1,DD
13bob22scs,9.2,84.6,997,35,7,28.3,CS
13bob22scs,9.3,84.4,997,35,7,28.4,CS
13bob22scs,9.4,84.1,995,40,8,28.1,CS
13bob22scs,9.5,83.8,994,40,9,28.1,CS
13bob22scs,9.7,83.5,992,45,10,28,CS
13bob22scs,9.8,83.2,992,45,10,28.1,CS
13bob22scs,10.1,82.9,990,50,12,28,SCS
13bob22scs,10.4,82.6,990,50,12,27.9,SCS
13bob22scs,10.6,82.3,990,50,12,28,SCS
13bob22scs,10.7,82,990,50,12,28,SCS
13bob22scs,11,81.7,990,50,12,27.4,SCS
13bob22scs,11.1,81.5,991,45,11,27.4,CS
13bob22scs,11.4,81.3,992,45,10,27.5,CS
13bob22scs,11.7,81,992,45,10,27.2,CS
13bob22scs,12,80.8,993,40,9,27.7,CS
13bob22scs,12.2,80.6,994,40,8,27.4,CS
13bob22scs,12.5,80.3,995,35,7,27.7,CS
1bob21d,11,96.3,1000,25,3,30.3,D
1bob21d,11,96.3,1000,25,3,30.3,D
1bob21d,11.2,96.4,1000,25,3,30.3,D
1bob21d,11.8,96.8,1000,25,3,30.2,D
1bob21d,12.3,97.2,1000,25,3,30.4,D
1bob21d,13,97.5,1002,25,3,30.4,D
1bob21d,13.2,97.6,1004,20,2,30.4,D
2arb21escs,10.5,72.3,997,25,3,30.7,D
2arb21escs,11,72.5,996,25,4,30.5,D
2arb21escs,11.5,72.5,995,30,5,30.5,D
2arb21escs,11.6,72.6,995,30,6,30.5,DD
2arb21escs,12.2,72.6,993,35,7,30.5,CS
2arb21escs,12.2,72.6,992,40,8,30.5,CS
2arb21escs,12.7,72.5,992,40,8,30.2,CS
2arb21escs,12.8,72.5,992,40,8,30.3,CS
2arb21escs,13.2,72.6,990,45,10,30.4,CS
2arb21escs,13.5,72.7,990,45,10,30.6,CS
2arb21escs,13.8,72.7,985,55,15,30.6,SCS
2arb21escs,14.2,72.7,984,55,16,30.6,SCS
2arb21escs,14.5,72.6,982,60,18,31,SCS
2arb21escs,14.7,72.7,982,60,18,31,SCS
2arb21escs,15,72.7,979,65,21,31.2,VSCS
2arb21escs,15.3,72.7,976,70,24,31.2,VSCS
2arb21escs,15.7,72.7,976,70,24,31.2,VSCS
2arb21escs,16.2,72.6,976,70,24,31.2,VSCS
2arb21escs,16.7,72.5,972,75,28,31.1,VSCS
2arb21escs,17.2,72.3,968,80,32,30.2,VSCS
2arb21escs,17.5,72,964,85,36,30.7,VSCS
2arb21escs,18,71.7,960,90,40,30.7,ESCS
2arb21escs,18.5,71.5,950,100,50,30.6,ESCS
2arb21escs,18.8,71.5,950,100,50,30.5,ESCS
2arb21escs,19.2,71.4,950,100,50,30.4,ESCS
2arb21escs,19.6,71.4,950,100,50,29.9,ESCS
2arb21escs,20.1,71.3,955,95,45,29.5,ESCS
2arb21escs,20.5,71.2,960,90,40,29.2,ESCS
3bob21vscs,16.1,90.2,996,25,4,31.3,D
3bob21vscs,16.2,89.9,994,25,4,31.4,D
3bob21vscs,16.3,89.7,992,30,5,31.5,DD
3bob21vscs,16.3,89.7,990,35,7,31.4,CS
3bob21vscs,16.5,89.6,988,40,8,31.4,CS
3bob21vscs,16.4,89.6,988,40,8,31.4,CS
3bob21vscs,16.8,89.5,988,40,8,31.4,CS
3bob21vscs,17.1,89.3,986,45,10,31.3,CS
3bob21vscs,17.4,89.2,986,45,10,31.2,CS
3bob21vscs,17.6,89,984,50,12,31.1,SCS
3bob21vscs,17.8,88.9,982,55,14,31,SCS
3bob21vscs,18,88.6,980,55,16,30.8,SCS
3bob21vscs,18.3,88.3,980,55,16,30.6,SCS
3bob21vscs,18.7,88,978,60,18,30.6,SCS
3bob21vscs,19.1,88.1,978,60,18,30.6,SCS
3bob21vscs,19.5,88,976,65,20,30.5,VSCS
3bob21vscs,19.8,87.9,976,65,20,30.6,VSCS
3bob21vscs,20.1,87.8,974,70,24,30.6,VSCS
3bob21vscs,20.4,87.6,970,75,28,30.6,VSCS
3bob21vscs,20.8,87.3,970,75,28,30.4,VSCS
3bob21vscs,21.2,87.1,970,75,28,30.3,VSCS
4bob21dd,20.3,87.4,992,25,4,30.2,D
4bob21dd,20.4,87.1,992,25,4,30.2,D
4bob21dd,20.6,87,990,30,4,30.3,DD
4bob21dd,20.9,86.5,990,30,6,30.5,DD
5bob21cs,18.3,91.2,1000,25,4,29.6,D
5bob21cs,18.4,90.4,1000,25,4,29.5,D
5bob21cs,18.4,89.7,999,30,5,28.9,DD
5bob21cs,18.4,89.3,998,30,6,28.8,DD
5bob21cs,18.4,88.7,998,30,6,28.6,DD
5bob21cs,18.3,88.3,997,35,7,28.7,CS
5bob21cs,18.3,88.1,997,35,7,28.8,CS
5bob21cs,18.3,87.9,996,35,7,28.9,CS
5bob21cs,18.3,87.6,996,35,7,29,CS
5bob21cs,18.3,87.3,994,40,8,29,CS
5bob21cs,18.4,86.4,994,40,8,28.9,CS
5bob21cs,18.4,85.9,992,45,10,29.1,CS
5bob21cs,18.4,85.3,992,45,10,29.4,CS
5bob21cs,18.4,84.6,992,45,10,29.4,CS
6arb21scs,22.7,69.5,998,25,4,29.5,D
6arb21scs,22.7,68.6,998,25,4,29.4,D
6arb21scs,22.8,68.2,998,25,4,29.5,D
6arb21scs,23.1,67.4,998,25,4,29.2,D
6arb21scs,23.1,66.8,996,30,6,29.5,DD
6arb21scs,23.2,65.5,995,35,7,28.6,CS
6arb21scs,23.2,64.9,994,40,8,28.9,CS
6arb21scs,23.2,64.5,992,45,10,29.4,CS
6arb21scs,23.3,64.1,991,45,11,29.8,CS
6arb21scs,23.4,63.7,987,55,15,29.4,SCS
6arb21scs,23.6,63.4,986,55,16,29.4,SCS
6arb21scs,23.6,63.2,984,60,18,29.3,SCS
6arb21scs,23.8,62.8,984,60,18,29.4,SCS
6arb21scs,23.8,62.4,984,60,18,27.3,SCS
6arb21scs,23.9,62.1,984,60,18,27.5,SCS
6arb21scs,24.1,61.8,984,60,18,27.7,SCS
6arb21scs,24.3,61.3,984,60,18,28,SCS
6arb21scs,24.5,60.7,984,60,18,28.8,SCS
6arb21scs,24.5,60.4,984,60,18,29.1,SCS
6arb21scs,24.4,60,984,60,18,29.5,SCS
6arb21scs,24.4,59.7,984,60,18,29.7,SCS
6arb21scs,24.3,59.5,984,60,18,28.3,SCS
6arb21scs,24.2,59,984,60,18,29.4,SCS
6arb21scs,24.1,58.6,984,60,18,30.1,SCS
6arb21scs,24.1,58.3,984,60,18,30.8,SCS
6arb21scs,24,58,984,60,18,31.9,SCS
6arb21scs,24,57.7,984,60,18,32.2,SCS
6arb21scs,23.9,57.3,986,55,16,32.2,SCS
7arb21d,14,67.5,1002,25,4,27.9,D
7arb21d,14.2,67.2,1002,25,4,27.8,D
7arb21d,14.3,67,1002,25,4,27.7,D
7arb21d,14.5,66.8,1002,25,4,27.7,D
7arb21d,14.6,66.6,1002,25,4,27.5,D
7arb21d,14.7,66.4,1002,25,4,27.5,D
7arb21d,14.7,66.2,1002,25,4,27.5,D
7arb21d,14.6,65.9,1003,25,3,27.6,D
7arb21d,14.5,65.8,1003,25,3,27.6,D
8bob21d,10.6,83.4,1000,25,4,29.2,D
8bob21d,11.3,82.3,1000,25,4,29.3,D
8bob21d,12,81.5,1000,25,4,29.1,D
8bob21d,12.3,81.2,1000,25,4,29.1,D
8bob21d,12.6,80.8,1000,25,4,29.1,D
8bob21d,12.9,80.3,1000,25,4,28.7,D
10bob21cs,11,89,1004,25,4,28.8,D
10bob21cs,12,87.5,1004,25,4,29,D
10bob21cs,13.4,86.4,1002,30,5,29,DD
10bob21cs,14,86,1002,30,6,29,DD
10bob21cs,14.5,85.6,1001,35,7,28.8,CS
10bob21cs,15,85.3,1001,35,7,28.4,CS
10bob21cs,15.5,85,1000,40,8,28.6,CS
10bob21cs,15.7,85,1000,40,8,28.6,CS
10bob21cs,15.9,84.8,1000,40,8,28.5,CS
10bob21cs,16,84.9,1000,40,8,28.5,CS
10bob21cs,16.2,84.7,1000,40,8,28.3,CS
10bob21cs,16.3,84.7,1000,40,8,28.2,CS
10bob21cs,16.4,84.7,1001,35,7,28.2,CS
10bob21cs,16.5,84.7,1001,35,7,28.2,CS
10bob21cs,16.9,84.8,1002,30,6,28.3,DD
10bob21cs,17.5,85,1002,30,6,28.1,DD
10bob21cs,17.9,85.5,1002,30,6,28.1,DD
10bob21cs,18.7,85.7,1003,30,5,27.6,DD
10bob21cs,19.1,85.9,1003,30,5,27.5,DD
10bob21cs,19.5,86.2,1004,25,4,27.9,D
10bob21cs,20.1,86.9,1004,25,4,27,D
10bob21cs,20.6,87.3,1004,25,4,26.8,D
1bob20scs,10.4,87,1000,25,3,31.6,D
1bob20scs,10.7,86.5,1000,25,3,31.9,D
1bob20scs,10.9,86.3,1000,25,3,32,D
1bob20scs,10.9,86.3,998,30,5,32,DD
1bob20scs,10.9,86.3,996,35,7,32,CS
1bob20scs,11,86.2,995,40,8,32.2,CS
1bob20scs,11.1,86.1,995,40,8,32.2,CS
1bob20scs,11.3,86.1,994,45,10,32.3,CS
1bob20scs,11.4,86,993,45,11,32.2,CS
1bob20scs,11.4,86,990,50,12,32.2,SCS
1bob20scs,11.5,86,988,55,15,32.2,SCS
1bob20scs,11.7,86,980,65,22,32.1,VSCS
1bob20scs,12,86,978,70,25,32.1,VSCS
1bob20scs,12.8,86.2,972,75,28,30.8,VSCS
1bob20scs,12.5,86.1,970,80,32,31.7,VSCS
1bob20scs,12.9,86.4,962,90,40,30.8,ESCS
1bob20scs,13.2,86.3,952,100,50,30,ESCS
1bob20scs,13.3,86.2,936,115,66,29.9,ESCS
1bob20scs,13.4,86.2,930,120,72,29.9,SuCS
1bob20scs,13.7,86.2,930,120,72,29.7,SuCS
1bob20scs,14,86.3,926,125,76,29.3,SuCS
1bob20scs,14.5,86.4,926,125,76,29.5,SuCS
1bob20scs,14.9,86.5,920,130,84,30,SuCS
1bob20scs,15.2,86.6,920,130,84,30.1,SuCS
1bob20scs,15.6,86.7,926,125,76,31.3,SuCS
1bob20scs,16,86.8,930,120,72,31.2,SuCS
1bob20scs,16.5,86.9,936,115,66,31.3,ESCS
1bob20scs,17,86.9,942,110,60,31.7,ESCS
1bob20scs,17.4,87,946,105,56,31.6,ESCS
1bob20scs,18.1,87.1,948,100,50,31.3,ESCS
1bob20scs,18.4,87.2,948,100,50,31.2,ESCS
1bob20scs,18.7,87.2,948,100,50,31.1,ESCS
1bob20scs,19.1,87.5,952,95,46,31,ESCS
1bob20scs,19.8,87.7,954,95,44,31.6,ESCS
1bob20scs,20.6,88,956,90,42,31.4,ESCS
1bob20scs,21.4,88.1,960,90,42,30.4,ESCS
3arb20scs,13,71.4,1004,25,3,30.3,D
3arb20scs,13.2,71.4,1004,25,3,30.1,D
3arb20scs,13.7,71.3,1004,25,3,29.9,D
3arb20scs,14.2,71.2,1003,25,4,29.8,D
3arb20scs,14.4,71.2,1003,25,4,29.9,D
3arb20scs,15,71.2,1000,30,6,30,DD
3arb20scs,15.3,71.2,1000,30,6,30.6,DD
3arb20scs,15.6,71.2,999,35,7,30.6,CS
3arb20scs,16,71.2,999,35,7,30.6,CS
3arb20scs,16.3,71.3,996,40,8,29.8,CS
3arb20scs,16,71.4,996,40,8,30.3,CS
3arb20scs,16.8,71.6,996,40,8,29.3,CS
3arb20scs,17.1,71.8,994,45,10,21.3,CS
3arb20scs,17.3,72.1,992,50,12,29.5,SCS
3arb20scs,17.6,72.3,988,55,16,29.9,SCS
3arb20scs,18.1,72.8,984,60,20,30.1,SCS
7bob20vscs,8.5,85.3,1002,25,3,29.3,D
7bob20vscs,9.3,84.5,1002,25,3,29.1,D
7bob20vscs,9.5,84.2,1002,25,3,29.1,D
7bob20vscs,9.6,84,1001,25,4,29.1,D
7bob20vscs,9.8,83.6,999,30,5,29.1,DD
7bob20vscs,10,83.3,998,30,6,29.2,DD
7bob20vscs,10,83,997,35,7,29.4,CS
7bob20vscs,10,83,997,35,7,29.4,CS
7bob20vscs,10,82.7,994,40,8,29.5,CS
7bob20vscs,10,82.6,992,45,10,29.5,CS
7bob20vscs,10.1,82.5,992,45,10,29.5,CS
7bob20vscs,10.1,82.4,992,45,10,29.5,CS
7bob20vscs,10.2,82.3,990,50,12,29.5,SCS
7bob20vscs,10.3,82.2,988,55,16,29.5,SCS
7bob20vscs,10.5,82,986,60,18,29.4,SCS
7bob20vscs,10.7,81.7,986,60,18,29.1,SCS
7bob20vscs,11,81.3,986,60,18,29.9,SCS
7bob20vscs,11.2,81,982,65,22,28.9,VSCS
7bob20vscs,11.4,80.7,982,65,22,28.8,VSCS
7bob20vscs,11.7,80.4,982,65,22,28.6,VSCS
7bob20vscs,12,80.1,982,65,22,28.4,VSCS
8arb20vscs,11.2,57.4,1000,25,4,27.2,D
8arb20vscs,11.1,55.4,998,30,6,27.8,DD
8arb20vscs,10.7,53.8,996,40,8,28,CS
8arb20vscs,10.4,52.7,992,50,12,26.4,SCS
8arb20vscs,10.4,52,982,65,22,26.1,VSCS
8arb20vscs,10.4,51.5,976,75,26,26.2,VSCS
8arb20vscs,11.3,48.5,999,30,5,27.7,DD
8arb20vscs,11.7,47.5,1000,30,5,27.5,DD
8arb20vscs,11.6,47,1001,25,4,27,D
8arb20vscs,11.6,46.8,1002,20,3,27,D
9bob20cs,7.5,88,1003,20,3,29,D
9bob20cs,7.7,87.7,1002,25,4,29.1,D
9bob20cs,7.8,87.4,1002,25,4,29.1,D
9bob20cs,7.7,87,1002,25,4,28.9,D
9bob20cs,7.8,86.6,1002,25,4,29,D
9bob20cs,7.8,86,1000,30,6,28.7,DD
9bob20cs,7.8,85.7,1000,30,6,28.6,DD
9bob20cs,7.8,85.3,1000,30,6,28.6,DD
9bob20cs,7.9,84.8,999,35,7,28.7,CS
9bob20cs,7.9,84.5,999,35,7,28.9,CS
9bob20cs,8.1,84.2,999,35,7,28.9,CS
9bob20cs,8.4,83.4,999,35,7,28.2,CS
9bob20cs,8.6,83,998,40,8,27.8,CS
9bob20cs,8.7,82.5,998,40,8,27.7,CS
9bob20cs,8.8,82.2,996,45,10,28,CS
9bob20cs,8.8,81.8,996,45,10,28,CS
9bob20cs,8.8,81.4,996,45,10,28.2,CS
9bob20cs,8.8,81.4,996,45,10,28.2,CS
9bob20cs,9.2,79.3,999,35,7,28.3,CS
9bob20cs,9.2,79.1,1000,30,6,28.5,DD
9bob20cs,9.2,78.8,1000,30,6,28.6,DD
9bob20cs,9.1,78.6,1000,30,6,28.6,DD
9bob20cs,9.1,78.6,1000,30,6,28.6,DD
9bob20cs,9.1,78.6,1000,30,6,28.6,DD
9bob20cs,9.1,78.6,1001,30,5,28.6,DD
9bob20cs,9.1,78.6,1001,30,5,28.6,DD
9bob20cs,9.1,78.6,1002,25,4,28.6,D
9bob20cs,9.1,78.6,1003,25,4,28.6,D
9bob20cs,9.1,78.6,1004,20,3,28.5,D
9bob20cs,9.1,78.6,1006,20,3,28.5,D
2bob19escs,2.7,89.7,998,25,4,30.3,D
2bob19escs,3,89.4,998,25,4,30.5,D
2bob19escs,3.2,89.2,998,25,4,30.6,D
2bob19escs,3.7,88.8,998,25,4,30.6,D
2bob19escs,4.5,88.8,997,30,5,30.8,DD
2bob19escs,4.9,88.7,996,30,6,30.7,DD
2bob19escs,5.2,88.6,995,35,7,30.6,CS
2bob19escs,5.4,88.5,994,40,8,30.4,CS
2bob19escs,5.9,88.5,992,45,10,29.9,CS
2bob19escs,6.3,88.5,992,45,10,29.9,CS
2bob19escs,6.6,88.2,992,45,10,29.8,CS
2bob19escs,6.9,87.9,992,45,10,29.9,CS
2bob19escs,7.3,87.9,992,45,10,29.6,CS
2bob19escs,7.3,87.9,992,45,10,29.6,CS
2bob19escs,7.4,87.8,992,45,10,29.6,CS
2bob19escs,7.7,87.5,992,45,10,30,CS
2bob19escs,8.2,87,992,45,10,30.7,CS
2bob19escs,8.3,86.9,992,45,10,30.7,CS
2bob19escs,8.4,86.9,992,45,10,30.7,CS
2bob19escs,8.5,86.9,992,45,10,30.7,CS
2bob19escs,8.6,86.9,992,45,10,30.6,CS
2bob19escs,8.7,86.9,992,45,10,30.6,CS
2bob19escs,9.2,86.9,992,45,10,30.5,CS
2bob19escs,9.7,86.8,992,45,10,30.5,CS
2bob19escs,10.1,86.7,986,55,16,30.4,SCS
2bob19escs,10.4,86.7,986,55,16,30.3,SCS
2bob19escs,10.8,86.6,986,55,16,30.3,SCS
2bob19escs,11.1,86.5,982,65,20,30.5,VSCS
2bob19escs,11.7,86.5,980,70,22,30.7,VSCS
2bob19escs,12.3,86.2,974,75,28,30.9,VSCS
2bob19escs,12.6,85.7,970,80,32,31.4,VSCS
2bob19escs,13,85.3,966,85,36,31.3,VSCS
2bob19escs,13.3,84.7,962,90,40,30.8,ESCS
2bob19escs,13.4,84.5,957,95,45,30.8,ESCS
2bob19escs,13.5,84.4,957,95,45,30.6,ESCS
2bob19escs,13.6,84.2,957,95,45,30.6,ESCS
2bob19escs,13.9,84,957,95,45,30.2,ESCS
2bob19escs,14.1,83.9,957,95,45,30.1,ESCS
2bob19escs,14.2,83.9,957,95,45,30.1,ESCS
2bob19escs,14.5,84.1,955,95,45,30.1,ESCS
2bob19escs,14.9,84.1,950,100,50,30.1,ESCS
2bob19escs,15.1,84.1,950,100,50,30,ESCS
2bob19escs,15.2,84.1,950,100,50,30,ESCS
2bob19escs,15.5,84.2,950,100,50,29.9,ESCS
2bob19escs,15.9,84.5,945,105,55,29.8,ESCS
2bob19escs,16.2,84.6,945,105,55,29.6,ESCS
2bob19escs,16.7,84.8,940,110,60,29.6,ESCS
2bob19escs,17.1,84.8,932,115,66,29.5,ESCS
2bob19escs,17.5,84.8,932,115,66,29.3,ESCS
2bob19escs,17.8,84.9,934,115,66,28.8,ESCS
2bob19escs,18.2,85,934,115,66,28.6,ESCS
2bob19escs,18.6,85.2,934,115,66,28.3,ESCS
2bob19escs,19.1,85.5,945,105,55,26.8,ESCS
2bob19escs,19.6,85.7,952,100,50,26.9,ESCS
3arb19vscs,11.7,71,998,25,3,30.7,D
3arb19vscs,12.5,71,998,25,3,31.1,D
3arb19vscs,12.5,70.9,997,30,4,31.1,DD
3arb19vscs,13.3,70.8,996,30,5,30.5,DD
3arb19vscs,13.9,70.6,995,35,6,30.6,CS
3arb19vscs,14.2,70.6,994,35,7,30.7,CS
3arb19vscs,14.7,70.6,993,40,8,30,CS
3arb19vscs,15,70.6,992,40,9,30.3,CS
3arb19vscs,15.2,70.6,990,45,10,30.4,CS
3arb19vscs,15.7,70.6,988,45,12,30.7,CS
3arb19vscs,16.1,70.6,986,55,15,30.8,SCS
3arb19vscs,16.7,70.6,983,60,18,31.1,SCS
3arb19vscs,17.1,70.6,980,65,21,31.2,VSCS
3arb19vscs,17.5,70.6,977,70,24,31.2,VSCS
3arb19vscs,17.8,70.4,975,75,26,31.2,VSCS
3arb19vscs,18,70.3,973,75,28,31.2,VSCS
3arb19vscs,18.4,70,971,75,30,31.3,VSCS
3arb19vscs,18.8,69.9,970,80,32,31.1,VSCS
3arb19vscs,19.1,69.9,970,80,32,31,VSCS
3arb19vscs,19.5,69.8,970,80,32,30.9,VSCS
3arb19vscs,19.7,69.7,970,80,32,30.8,VSCS
3arb19vscs,20,69.6,970,80,32,30.8,VSCS
3arb19vscs,20.3,69.5,970,80,32,30.5,VSCS
3arb19vscs,20.4,69.4,970,80,32,30.5,VSCS
3arb19vscs,20.5,69.3,970,80,32,30.5,VSCS
3arb19vscs,20.7,69.1,970,80,32,30.4,VSCS
3arb19vscs,20.9,69,970,80,32,30.7,VSCS
3arb19vscs,20.9,68.8,970,80,32,30.7,VSCS
3arb19vscs,20.9,68.8,970,80,32,30.7,VSCS
3arb19vscs,20.9,68.6,970,80,32,30.9,VSCS
3arb19vscs,21,68.5,970,80,32,31,VSCS
3arb19vscs,21,68.3,973,75,28,31,VSCS
3arb19vscs,21,68.2,973,75,28,31.1,VSCS
3arb19vscs,20.9,68.1,973,75,26,31.1,VSCS
3arb19vscs,20.8,68,976,70,24,31.2,VSCS
3arb19vscs,20.8,67.9,976,70,24,31.2,VSCS
3arb19vscs,20.8,67.8,978,65,22,31.2,VSCS
3arb19vscs,20.8,67.5,978,65,22,31.2,VSCS
3arb19vscs,20.7,67.4,978,65,22,29.6,VSCS
3arb19vscs,20.7,67.4,979,65,21,29.6,VSCS
3arb19vscs,20.7,66.9,979,65,21,29.6,VSCS
3arb19vscs,20.7,66.7,980,65,21,30.1,VSCS
3arb19vscs,20.7,66.4,980,65,21,30.1,VSCS
3arb19vscs,20.7,66.3,980,65,21,30.1,VSCS
3arb19vscs,20.7,66,981,65,21,30.2,VSCS
3arb19vscs,20.7,65.9,981,65,21,30.2,VSCS
3arb19vscs,20.7,65.5,983,60,18,28.5,SCS
3arb19vscs,20.8,65.2,985,55,16,28.6,SCS
3arb19vscs,20.9,65.1,985,55,16,28.6,SCS
3arb19vscs,20.9,65,986,55,15,28.9,SCS
3arb19vscs,21,65.1,988,50,12,28.6,SCS
3arb19vscs,21.2,65.5,990,45,10,28.2,CS
3arb19vscs,21.3,66,992,40,8,28.3,CS
3arb19vscs,21.5,66.4,993,40,7,28.6,CS
3arb19vscs,21.7,66.7,995,35,6,28.8,CS
3arb19vscs,21.8,66.8,996,30,5,29.7,DD
3arb19vscs,22,67,997,30,5,29.7,DD
3arb19vscs,22.2,67.4,998,25,4,29.6,D
3arb19vscs,22.5,67.8,998,20,3,28.9,D
5arb19vscs,19.8,69.4,1002,25,3,28.5,D
5arb19vscs,20,69,1000,25,4,28.6,D
5arb19vscs,20.4,68.2,999,30,5,28.3,DD
5arb19vscs,20.5,67.2,998,30,6,28.3,DD
5arb19vscs,20.5,66.2,997,35,7,28,CS
5arb19vscs,20.4,65.7,996,40,8,27.8,CS
5arb19vscs,20.3,65,994,45,10,27.9,CS
5arb19vscs,20.2,64.2,988,55,16,27.8,SCS
5arb19vscs,20.2,63.7,988,55,16,27.8,SCS
5arb19vscs,20.2,62.9,988,55,16,27.3,SCS
5arb19vscs,20.2,62.3,986,60,18,27.3,SCS
5arb19vscs,20.2,61.5,986,60,18,26.6,SCS
5arb19vscs,20.1,61,980,70,24,26.1,VSCS
5arb19vscs,20.1,60.3,978,75,27,26.4,VSCS
5arb19vscs,20,59.5,978,75,27,26.2,VSCS
5arb19vscs,19.9,58.9,978,75,27,26.1,VSCS
5arb19vscs,19.8,58.3,978,75,27,25.3,VSCS
7arb19scs,15.4,70.4,1000,25,3,28.7,D
7arb19scs,15.4,70.4,1000,25,3,28.7,D
7arb19scs,15.5,70.8,998,30,5,29.2,DD
7arb19scs,15.7,71.3,997,30,6,29.4,DD
7arb19scs,15.9,71.5,996,40,8,29.5,CS
7arb19scs,16,71.6,996,40,8,29.5,CS
7arb19scs,16.1,71.8,994,45,10,29.6,CS
7arb19scs,16.2,71.7,994,45,10,29.6,CS
7arb19scs,16.3,71.7,992,50,12,29.5,SCS
7arb19scs,16.3,71.7,991,55,15,29.5,SCS
7arb19scs,16.4,71.5,990,55,16,29,SCS
7arb19scs,16.5,71.2,988,60,18,28.8,SCS
7arb19scs,16.5,70.8,984,65,22,27.1,VSCS
7arb19scs,16.6,70.5,984,65,22,27.2,VSCS
7arb19scs,16.6,70,978,75,28,27.5,VSCS
7arb19scs,16.6,69.8,974,80,32,27.5,VSCS
7arb19scs,16.7,69.4,970,85,36,28,VSCS
7arb19scs,16.7,69.1,966,90,40,28.1,ESCS
7arb19scs,16.8,68.9,950,105,56,28.4,ESCS
7arb19scs,16.9,68.5,946,110,60,28.3,ESCS
7arb19scs,17,68.2,934,120,72,26.7,SuCS
7arb19scs,17.1,67.8,928,125,78,26.7,SuCS
7arb19scs,17.2,67.3,928,125,78,27.3,SuCS
7arb19scs,17.4,67,922,130,84,28.1,SuCS
7arb19scs,17.5,66.7,922,130,84,28.5,SuCS
7arb19scs,17.5,66.5,922,130,84,28.8,SuCS
7arb19scs,17.8,66.3,922,130,84,28.5,SuCS
7arb19scs,18,65.7,926,125,80,28.3,SuCS
7arb19scs,18.1,65.4,928,125,78,28,SuCS
7arb19scs,18.2,65,928,125,78,28.1,SuCS
7arb19scs,18.3,64.7,928,125,78,28.1,SuCS
7arb19scs,18.4,64.5,928,125,78,28.2,SuCS
7arb19scs,18.5,64.3,928,125,78,28.2,SuCS
7arb19scs,18.7,64.1,928,125,78,28.3,SuCS
7arb19scs,18.8,63.9,930,125,76,28.2,SuCS
7arb19scs,18.9,63.8,930,125,76,28.2,SuCS
7arb19scs,19.1,63.5,934,120,72,28.3,SuCS
7arb19scs,19.2,63.4,940,115,66,28.3,ESCS
7arb19scs,19.4,63.2,946,110,60,28.4,ESCS
7arb19scs,19.4,63.1,950,105,56,28.4,ESCS
7arb19scs,19.5,63.1,956,100,50,28.4,ESCS
7arb19scs,19.5,62.9,956,100,50,28.4,ESCS
7arb19scs,19.6,62.8,960,95,46,28.4,ESCS
7arb19scs,19.6,62.6,966,90,40,28.3,ESCS
7arb19scs,19.6,62.3,970,85,36,25.7,VSCS
7arb19scs,19.6,62.1,974,80,32,26,VSCS
7arb19scs,19.4,61.8,978,75,28,26.5,VSCS
7arb19scs,19.3,61.7,982,70,24,26.7,VSCS
7arb19scs,19,61.5,984,65,22,27,VSCS
7arb19scs,18.9,61.2,988,60,18,26.9,SCS
7arb19scs,18.7,61,990,55,16,27.1,SCS
7arb19scs,18.5,60.7,991,55,15,27.2,SCS
7arb19scs,18.4,60.5,994,50,12,27.6,SCS
7arb19scs,18,60.2,996,45,10,27.9,CS
7arb19scs,17.7,60.1,998,40,8,28.1,CS
7arb19scs,17.5,60,998,40,8,28.3,CS
7arb19scs,17.4,59.9,999,35,7,28.3,CS
7arb19scs,17.2,59.6,1001,30,5,28,DD
7arb19scs,16.8,59.6,1001,30,5,27.9,DD
7arb19scs,16.7,59.5,1001,30,5,27.6,DD
7arb19scs,16.5,59.3,1002,25,4,27.4,D
7arb19scs,16.3,59,1002,25,4,27.7,D
7arb19scs,16,58.7,1002,25,4,28.1,D
7arb19scs,15.8,58.4,1002,25,4,28.2,D
7arb19scs,15.4,57.5,1002,25,4,27.5,D
7arb19scs,15,57.4,1002,25,4,27.5,D
7arb19scs,14.5,57,1002,25,4,27.9,D
7arb19scs,14,56.4,1002,25,4,28.7,D
7arb19scs,13.7,55.8,1002,25,4,28.8,D
7arb19scs,13.5,55,1003,25,3,28.2,D
7arb19scs,13.1,54.1,1003,25,3,28.2,D
7arb19scs,12.5,53.8,1003,25,3,27.5,D
7arb19scs,12.5,53,1003,20,3,27.8,D
7arb19scs,12,52.5,1003,20,3,27,D
8arb19scs,6.5,76.2,1003,25,3,28.6,D
8arb19scs,8,75,1003,25,3,28.8,D
8arb19scs,8,75,1002,25,4,28.8,D
8arb19scs,8.5,74.5,1001,30,5,29,DD
8arb19scs,9,74.1,1000,35,6,29,CS
8arb19scs,9.6,73.8,998,40,8,28.9,CS
8arb19scs,10.2,73.3,998,40,8,28.8,CS
8arb19scs,10.6,73.1,998,40,8,28.9,CS
8arb19scs,11,73,996,45,10,28.4,CS
8arb19scs,11.5,72.8,996,45,10,28.4,CS
8arb19scs,11.9,72.8,994,50,12,28.7,SCS
8arb19scs,12.3,72.8,994,50,12,28.7,SCS
8arb19scs,12.8,72.4,992,50,14,28.6,SCS
8arb19scs,13.3,72.2,990,55,16,28.6,SCS
8arb19scs,13.7,72.1,990,55,16,28.6,SCS
8arb19scs,13.9,72,990,55,16,28.6,SCS
8arb19scs,14.6,71.7,990,55,16,28,SCS
8arb19scs,14.8,71,990,55,16,27.9,SCS
8arb19scs,15.2,70.5,990,55,16,27.6,SCS
8arb19scs,15.4,70,990,55,16,27.7,SCS
8arb19scs,15.6,69.5,992,50,14,27.8,SCS
8arb19scs,15.7,69.2,992,50,14,27.8,SCS
8arb19scs,15.9,69.1,992,50,14,27.1,SCS
8arb19scs,16.2,68.8,992,50,14,27.4,SCS
8arb19scs,16.3,68.5,992,50,14,26.6,SCS
8arb19scs,16.4,68.3,992,50,14,26.6,SCS
8arb19scs,16.5,68.2,992,50,14,26.8,SCS
8arb19scs,16.8,67.9,992,50,14,26.5,SCS
8arb19scs,17,67.6,990,55,16,26.8,SCS
8arb19scs,17.1,67.3,990,55,16,27.1,SCS
8arb19scs,17.2,67,988,60,18,27.8,SCS
8arb19scs,17.5,66.8,988,60,18,27.6,SCS
8arb19scs,17.6,66.5,988,60,18,26.9,SCS
8arb19scs,17.6,66.4,988,60,18,26.9,SCS
8arb19scs,17.6,66.2,988,60,18,26.8,SCS
8arb19scs,17.6,65.9,984,65,22,26.6,VSCS
8arb19scs,17.7,65.7,982,70,24,26.5,VSCS
8arb19scs,17.8,65.6,978,75,28,25.9,VSCS
8arb19scs,17.9,65.4,974,80,32,25.8,VSCS
8arb19scs,18,65,970,85,36,26.1,VSCS
8arb19scs,18.1,64.8,966,90,40,25.7,ESCS
8arb19scs,18.3,64.6,966,90,40,25.6,ESCS
8arb19scs,18.6,64.3,966,90,40,25.8,ESCS
8arb19scs,18.7,64.2,962,95,44,26.3,ESCS
8arb19scs,18.9,64.1,956,100,50,26,ESCS
8arb19scs,19.2,63.9,956,100,50,26.2,ESCS
8arb19scs,19.3,63.7,956,100,50,26.1,ESCS
8arb19scs,19.5,63.6,956,100,50,26.1,ESCS
8arb19scs,19.6,63.6,966,90,40,24.6,ESCS
8arb19scs,19.7,63.6,970,85,36,24.6,VSCS
8arb19scs,19.8,63.7,974,80,32,24.4,VSCS
8arb19scs,19.8,63.8,974,80,32,24.7,VSCS
8arb19scs,19.8,64.1,982,70,24,25,VSCS
8arb19scs,19.8,64.3,982,70,24,25.6,VSCS
8arb19scs,19.8,64.9,982,70,24,26.4,VSCS
8arb19scs,19.8,65.5,982,70,24,26.8,VSCS
8arb19scs,19.8,65.8,988,60,18,26.9,SCS
8arb19scs,19.8,66.3,990,55,16,27,SCS
8arb19scs,19.7,66.5,994,50,12,26.7,SCS
8arb19scs,19.6,67.1,994,50,12,27,SCS
8arb19scs,19.7,67.7,996,45,10,27.7,CS
8arb19scs,19.8,68.3,998,40,8,27.8,CS
8arb19scs,19.8,68.4,998,40,8,27.8,CS
8arb19scs,19.8,68.9,1000,35,7,28.3,CS
8arb19scs,19.8,69.4,1003,30,5,28.1,DD
8arb19scs,20,70,1003,30,5,28.1,DD
8arb19scs,20,70.4,1005,25,3,28.4,D
8arb19scs,20.2,70.6,1005,20,3,28.6,D
9bob19vscs,13.1,91.5,1004,20,3,29.8,D
9bob19vscs,13.1,91,1003,25,3,29.7,D
9bob19vscs,13.1,90.7,1003,25,3,29.8,D
9bob19vscs,13.2,90.1,1003,25,3,29.8,D
9bob19vscs,13.3,89.8,1002,25,4,29.9,D
9bob19vscs,13.4,89.7,1001,30,5,29.8,DD
9bob19vscs,13.4,89.6,1001,30,5,29.8,DD
9bob19vscs,13.4,89.4,1001,30,5,29.8,DD
9bob19vscs,13.5,89.3,1000,30,6,29.8,DD
9bob19vscs,13.8,89.3,998,35,7,29.9,CS
9bob19vscs,14.2,89.3,998,35,7,30,CS
9bob19vscs,14.7,89.3,998,35,7,30,CS
9bob19vscs,15.3,88.7,996,40,8,29.5,CS
9bob19vscs,15.5,88.4,995,45,9,29.5,CS
9bob19vscs,15.9,88,994,45,10,29.3,CS
9bob19vscs,16.2,87.9,992,50,12,29.6,SCS
9bob19vscs,16.4,87.8,989,55,15,29.2,SCS
9bob19vscs,16.6,87.7,986,60,18,29.4,SCS
9bob19vscs,16.9,87.6,983,65,21,29.1,VSCS
9bob19vscs,17.2,87.6,982,65,22,29.3,VSCS
9bob19vscs,17.6,87.6,980,70,24,29.7,VSCS
9bob19vscs,18.1,87.6,980,70,24,29.8,VSCS
9bob19vscs,18.5,87.6,976,75,28,29.7,VSCS
9bob19vscs,19.2,87.7,976,75,28,29.2,VSCS
9bob19vscs,19.3,87.6,976,75,28,29.3,VSCS
9bob19vscs,19.6,87.7,976,75,28,29.4,VSCS
9bob19vscs,20,87.6,976,75,28,27.5,VSCS
9bob19vscs,20.4,87.6,980,70,24,27.5,VSCS
9bob19vscs,20.6,87.8,982,70,22,27.5,VSCS
9bob19vscs,20.9,87.9,982,70,22,27.3,VSCS
9bob19vscs,21.2,88.1,982,70,22,27.1,VSCS
9bob19vscs,21.4,88.3,986,60,18,26.9,SCS
10arb19cs,5.7,56.6,1003,25,3,28.7,D
10arb19cs,6.1,56.5,1002,25,4,28.4,D
10arb19cs,6.5,56.5,1001,30,5,28.1,DD
10arb19cs,6.8,56.4,1000,30,6,28.1,DD
10arb19cs,7,56.3,1000,30,6,28.1,DD
10arb19cs,7,56.5,1000,30,6,28.1,DD
10arb19cs,7,56.6,1000,30,6,28.2,DD
10arb19cs,7.2,56.6,1000,30,6,28.1,DD
10arb19cs,7.4,56.6,1000,30,6,28,DD
10arb19cs,7.4,56.6,1000,30,6,28,DD
10arb19cs,7.4,56.6,1000,30,6,28,DD
10arb19cs,8.5,56.7,1000,30,6,27.1,DD
10arb19cs,9.2,56.4,999,35,7,27.1,CS
10arb19cs,9.2,56.4,999,35,7,27.1,CS
10arb19cs,9.5,56.3,999,35,7,27.1,CS
10arb19cs,9.5,55.6,999,35,7,27.8,CS
10arb19cs,9.6,55.1,998,40,8,27.8,CS
10arb19cs,9.6,54.9,999,35,7,27.8,CS
10arb19cs,9.3,54.5,999,35,7,27.3,CS
10arb19cs,9,54,999,35,7,27.1,CS
10arb19cs,8.5,53.3,999,35,7,26.7,CS
10arb19cs,8.3,53,999,35,7,26.6,CS
10arb19cs,8,52.6,999,35,7,26.4,CS
10arb19cs,7.9,52.6,999,35,7,26.4,CS
10arb19cs,7.9,52.3,999,35,7,26.7,CS
10arb19cs,7.7,51.8,999,35,7,27.5,CS
10arb19cs,7.5,51.3,999,35,7,27,CS
10arb19cs,7.5,50.9,999,35,7,25.9,CS
2arb18cs,13,50,1001,25,3,29.6,D
2arb18cs,13.2,49.6,1001,30,4,29.9,D
2arb18cs,13.2,49,999,30,5,29,DD
2arb18cs,13.2,48.7,997,35,7,29.1,CS
2arb18cs,13,48.4,997,35,7,29.6,CS
2arb18cs,13,48.3,997,35,7,29.6,CS
2arb18cs,13,48.1,996,40,8,29.8,CS
2arb18cs,13,47.8,996,40,8,29.8,CS
2arb18cs,12.8,47.5,996,40,8,30,CS
2arb18cs,12.7,47.2,996,40,8,30.1,CS
2arb18cs,12.4,46.6,996,45,10,29.7,CS
2arb18cs,12.2,46.3,994,45,10,29.7,CS
2arb18cs,12,46,994,45,10,29.7,CS
2arb18cs,11.8,45.6,994,45,10,29.6,CS
2arb18cs,11.6,45.5,994,45,10,29.5,CS
2arb18cs,11.4,45.3,994,45,10,29.5,CS
2arb18cs,11.3,45.1,994,45,10,29.4,CS
2arb18cs,11.2,45,994,45,10,29.5,CS
2arb18cs,11.1,44.8,994,45,10,29.4,CS
2arb18cs,10.9,44.4,994,45,10,29.9,CS
2arb18cs,10.8,44.1,996,40,8,30,CS
3arb18vscs,8.5,58.5,1004,25,3,29.5,D
3arb18vscs,8.7,58,1003,25,4,29.8,D
3arb18vscs,9,57.5,1002,25,4,30.1,D
3arb18vscs,9.2,57.2,1001,30,5,30.2,DD
3arb18vscs,9.5,57,1000,30,6,30.2,DD
3arb18vscs,10.2,56.8,998,35,7,30.3,CS
3arb18vscs,10.5,56.7,998,35,7,30.3,CS
3arb18vscs,10.7,56.4,996,40,8,30.3,CS
3arb18vscs,10.8,56.2,996,40,9,29.7,CS
3arb18vscs,11,56,994,45,10,28,CS
3arb18vscs,11.2,55.9,984,55,15,27.9,SCS
3arb18vscs,11.4,55.9,980,60,18,27.6,SCS
3arb18vscs,11.8,55.9,978,65,20,29.2,VSCS
3arb18vscs,12,55.9,978,65,22,28.4,VSCS
3arb18vscs,12.3,55.9,976,70,24,29.5,VSCS
3arb18vscs,12.5,55.8,976,70,24,29.5,VSCS
3arb18vscs,12.8,55.7,976,70,24,29.2,VSCS
3arb18vscs,13,55.6,974,70,24,29.8,VSCS
3arb18vscs,13.3,55.4,972,75,28,29.8,VSCS
3arb18vscs,13.7,55.3,970,80,32,30,VSCS
3arb18vscs,14,55.2,970,80,32,30.3,VSCS
3arb18vscs,14.3,55.2,970,80,32,30.8,VSCS
3arb18vscs,14.6,55.1,970,80,32,30.6,VSCS
3arb18vscs,14.9,54.9,970,80,32,30.6,VSCS
3arb18vscs,15.1,54.7,970,80,32,30.6,VSCS
3arb18vscs,15.2,54.5,968,85,36,29.4,VSCS
3arb18vscs,15.4,54.5,964,90,40,29.6,ESCS
3arb18vscs,15.8,54.4,964,90,40,30.3,ESCS
3arb18vscs,16.2,54.2,962,90,42,30.1,ESCS
3arb18vscs,16.4,54.1,960,95,45,30,ESCS
3arb18vscs,16.5,54,960,95,45,29.8,ESCS
3arb18vscs,16.7,53.9,960,95,45,29.8,ESCS
10bob18dd,17.2,89,997,25,3,29.9,D
10bob18dd,17.4,88.8,996,25,4,29,D
10bob18dd,17.5,87.5,996,25,4,27.8,D
10bob18dd,17.5,87,995,30,5,28,DD
10bob18dd,17.6,86.8,995,30,5,27.7,DD
10bob18dd,18.4,85.8,994,30,6,28.8,DD
10bob18dd,18.7,85.6,992,35,8,29,CS
10bob18dd,19.2,85,992,35,8,29,CS
11arb18vscs,11.2,67,1003,25,3,28.7,D
11arb18vscs,11.3,66.9,1002,25,4,28.6,D
11arb18vscs,11.6,66.5,1002,25,4,28.4,D
11arb18vscs,11.9,65.8,1002,25,4,28.4,D
11arb18vscs,12,65.6,1002,25,4,28.5,D
11arb18vscs,12,65.4,1002,25,4,28.5,D
11arb18vscs,12,64.8,1001,30,5,28.6,DD
11arb18vscs,12.1,64.3,1001,30,5,29,DD
11arb18vscs,12.2,63.5,1000,30,6,28.9,DD
11arb18vscs,12.3,62.4,999,35,7,28.5,CS
11arb18vscs,12.4,62,998,40,8,28.6,CS
11arb18vscs,12.4,61.8,997,40,9,28.6,CS
11arb18vscs,12.5,61.5,996,45,10,28.5,CS
11arb18vscs,12.5,61,996,45,10,28.4,CS
11arb18vscs,12.6,60.8,996,45,10,28.1,CS
11arb18vscs,12.7,60.5,994,45,12,27.5,CS
11arb18vscs,12.8,60.2,994,45,12,27,CS
11arb18vscs,12.9,60.2,994,45,12,26.6,CS
11arb18vscs,13,60.1,994,45,12,26.6,CS
11arb18vscs,13.1,60.1,994,45,12,26.2,CS
11arb18vscs,13.2,60,992,50,14,26.2,SCS
11arb18vscs,13.3,59.7,990,55,16,26.1,SCS
11arb18vscs,13.4,59.5,990,55,16,26.4,SCS
11arb18vscs,13.5,59.3,990,55,16,26.4,SCS
11arb18vscs,13.6,59.1,988,60,18,27.3,SCS
11arb18vscs,14.1,59,985,65,21,28.3,VSCS
11arb18vscs,14.1,59,984,65,22,28.3,VSCS
11arb18vscs,14.2,58.9,978,75,28,28.3,VSCS
11arb18vscs,14.4,58.7,978,75,28,28.6,VSCS
11arb18vscs,14.4,58.6,978,75,28,28.6,VSCS
11arb18vscs,14.5,58.5,978,75,28,28.8,VSCS
11arb18vscs,14.6,58.4,978,75,28,28.8,VSCS
11arb18vscs,14.6,58.4,978,75,28,28.8,VSCS
11arb18vscs,14.7,58.1,978,75,28,28.8,VSCS
11arb18vscs,14.5,58,980,70,26,28.1,VSCS
11arb18vscs,14.5,57.8,980,70,26,27.9,VSCS
11arb18vscs,14.5,57.8,980,70,26,27.9,VSCS
11arb18vscs,14.5,57.7,980,70,26,27.7,VSCS
11arb18vscs,14.5,57.7,980,70,26,27.7,VSCS
11arb18vscs,14.6,57.6,980,70,26,28.6,VSCS
11arb18vscs,14.7,57.6,980,65,26,28.6,VSCS
11arb18vscs,14.7,57.6,984,60,22,28.5,VSCS
11arb18vscs,14.7,57.4,987,55,25,28.3,SCS
11arb18vscs,14.7,57.3,990,50,16,28.3,SCS
11arb18vscs,14.7,57.2,990,50,16,28.2,SCS
11arb18vscs,14.7,57.1,991,50,15,28.2,SCS
11arb18vscs,14.7,56.9,992,50,14,28.1,SCS
11arb18vscs,14.8,56.6,994,45,12,28.2,CS
11arb18vscs,14.8,56.3,994,45,12,28,CS
11arb18vscs,14.8,56,994,45,12,27.7,CS
11arb18vscs,14.8,55.6,994,40,12,27.5,CS
11arb18vscs,14.9,55.2,994,40,12,26.2,CS
11arb18vscs,14.9,54.8,994,40,12,26.1,CS
11arb18vscs,14.9,54.4,994,40,12,26.1,CS
11arb18vscs,14.9,54,994,40,12,26.1,CS
11arb18vscs,15,53.7,996,40,10,26.7,CS
11arb18vscs,15.1,53.3,996,40,10,27.2,CS
11arb18vscs,15.3,52.8,998,40,8,26.6,CS
11arb18vscs,15.6,52.5,998,40,8,26.3,CS
12bob18vscs,14,88.8,1002,25,3,,D
12bob18vscs,14,88.8,1002,25,4,29.9,D
12bob18vscs,14.3,88.2,1002,25,4,29.9,D
12bob18vscs,14.5,87.6,1000,30,5,29.4,DD
12bob18vscs,14.7,87.1,1000,30,5,29.7,DD
12bob18vscs,14.7,86.9,999,30,6,29.5,DD
12bob18vscs,14.8,86.7,998,35,7,29.6,CS
12bob18vscs,14.9,86.6,997,35,7,29.6,CS
12bob18vscs,15.1,86.4,996,40,8,29.6,CS
12bob18vscs,15.3,86.2,995,40,9,29.6,CS
12bob18vscs,15.5,86,996,45,10,29.9,CS
12bob18vscs,15.7,85.8,994,50,12,30,SCS
12bob18vscs,16,85.8,990,55,16,30,SCS
12bob18vscs,16.5,85.8,988,60,18,29.5,SCS
12bob18vscs,17,85.6,982,70,24,30,VSCS
12bob18vscs,17.3,85.4,976,75,28,30.1,VSCS
12bob18vscs,17.5,85.3,972,80,32,30.2,VSCS
12bob18vscs,17.7,85.2,972,80,32,30.2,VSCS
12bob18vscs,18.2,85.1,972,80,32,30.3,VSCS
12bob18vscs,18.6,84.7,972,80,32,30.3,VSCS
13bob18cs,11.7,92.5,1003,25,3,30.1,D
1bob17cs,12,88,1001,25,3,29.8,D
1bob17cs,12.5,88.3,1001,25,3,30.1,D
1bob17cs,13.2,89,1000,25,4,29.4,D
1bob17cs,13.7,89.5,999,30,5,29.2,DD
1bob17cs,14.3,90.1,999,30,5,28.9,DD
1bob17cs,15.3,91,998,35,6,28.3,CS
1bob17cs,15.5,91.2,996,40,8,28.5,CS
1bob17cs,16.2,92,996,40,8,27.9,CS
1bob17cs,16.7,92.5,996,40,8,27.8,CS
1bob17cs,17,92.9,996,40,8,28,CS
1bob17cs,17.5,93.2,996,40,8,28.1,CS
1bob17cs,17.8,93.6,996,40,8,27.9,CS
1bob17cs,18.1,93.9,996,40,8,27.9,CS
1bob17cs,18.4,94.3,996,40,8,28.3,CS
2bob17scs,14,88.5,998,25,3,30.5,D
2bob17scs,14.5,89.5,998,25,3,30.4,D
2bob17scs,15,90,997,25,3,30.4,D
2bob17scs,15.4,90.5,996,30,4,30.2,DD
2bob17scs,15.7,90.7,995,30,5,30.2,DD
2bob17scs,16,91,994,35,6,30.2,CS
2bob17scs,16.3,91.2,994,35,6,30.2,CS
2bob17scs,16.6,91.3,992,40,8,30.1,CS
2bob17scs,17,91.3,990,45,10,28.6,CS
2bob17scs,17.3,91.3,990,45,10,29,CS
2bob17scs,17.8,91.4,988,45,10,29.5,CS
2bob17scs,18.3,91.5,986,45,11,30,CS
2bob17scs,18.6,91.5,984,50,12,30.3,SCS
2bob17scs,18.8,91.5,980,55,16,31.4,SCS
2bob17scs,20,91.6,980,55,16,31.4,SCS
2bob17scs,20.3,91.6,978,60,18,31.2,SCS
2bob17scs,21.1,91.8,978,60,18,30.8,SCS
2bob17scs,21.8,91.9,978,60,18,31,SCS
9bob17vscs,6.5,81.8,1004,25,3,28.8,D
9bob17vscs,6.5,80.4,1004,25,4,28.8,D
9bob17vscs,6.2,80,1002,25,4,25.9,D
9bob17vscs,6.3,79.2,1002,25,4,28.6,D
9bob17vscs,6.5,78.6,1001,30,5,28.9,DD
9bob17vscs,6.7,78.3,1000,30,6,29.1,DD
9bob17vscs,7.5,77.5,999,35,7,29.3,CS
9bob17vscs,7.8,76.9,998,40,8,29.3,CS
9bob17vscs,7.9,76.4,996,45,10,29.1,CS
9bob17vscs,8.2,75.8,996,45,10,29.1,CS
9bob17vscs,8.3,75.4,996,45,10,29.3,CS
9bob17vscs,8.5,74.9,994,45,12,29.9,CS
9bob17vscs,8.6,74.5,994,45,12,29.8,CS
9bob17vscs,8.8,74,992,50,14,29.6,SCS
9bob17vscs,8.9,73.8,990,55,16,29.6,SCS
9bob17vscs,9,73.4,989,60,18,29.3,SCS
9bob17vscs,9.1,73,988,65,21,29.4,VSCS
9bob17vscs,9.2,72.8,986,65,22,29.4,VSCS
9bob17vscs,9.3,72.5,984,65,24,29.4,VSCS
9bob17vscs,9.4,72.1,982,70,26,29.3,VSCS
9bob17vscs,9.5,71.8,980,75,28,29.6,VSCS
9bob17vscs,9.6,71.5,978,80,30,28.6,VSCS
9bob17vscs,9.7,71.2,978,80,32,29.1,VSCS
9bob17vscs,9.8,71,976,85,34,29.1,VSCS
9bob17vscs,10.2,70.6,976,85,34,29.1,VSCS
9bob17vscs,10.5,70.3,976,85,34,29.3,VSCS
9bob17vscs,10.8,70,976,85,34,29.2,VSCS
9bob17vscs,11.1,69.7,976,85,34,28.9,VSCS
9bob17vscs,11.3,69.5,976,85,34,28.8,VSCS
9bob17vscs,11.7,69.2,976,85,34,28.2,VSCS
9bob17vscs,12.1,69,977,80,32,27.8,VSCS
9bob17vscs,12.3,68.9,978,75,30,27.8,VSCS
9bob17vscs,12.4,68.8,980,75,28,27.8,VSCS
9bob17vscs,12.9,68.7,982,75,28,27.7,VSCS
9bob17vscs,13.1,68.6,982,75,28,27.9,VSCS
9bob17vscs,13.5,68.5,982,75,28,27.9,VSCS
9bob17vscs,14,68.5,982,75,28,27.7,VSCS
9bob17vscs,14.5,68.5,984,70,24,26.7,VSCS
9bob17vscs,14.7,68.5,986,65,22,26.9,VSCS
9bob17vscs,14.9,68.7,986,65,22,26.8,VSCS
9bob17vscs,15.2,69,986,65,22,26.4,VSCS
9bob17vscs,15.7,69.2,988,60,18,26.1,VSCS
9bob17vscs,16.1,69.5,988,60,18,27,VSCS
9bob17vscs,16.5,69.8,990,55,16,27.5,SCS
9bob17vscs,16.9,70.1,992,55,14,27.9,SCS
9bob17vscs,17.3,70.4,994,50,12,27.9,SCS
9bob17vscs,17.7,70.7,996,45,10,27.6,CS
9bob17vscs,18.1,71,998,40,8,26.9,CS
9bob17vscs,18.3,71.2,1000,30,6,26.6,DD
9bob17vscs,18.5,71.4,1002,30,5,26.4,DD
9bob17vscs,18.8,71.6,1003,25,4,26,D
9bob17vscs,19.2,71.9,1004,20,3,26.1,D
1bob16cs,11,81,1000,25,3,31.1,D
1bob16cs,11.3,80.9,999,25,3,31,D
1bob16cs,12,80.7,998,25,3,31,D
1bob16cs,12.5,80.7,998,25,4,29.6,D
1bob16cs,13,80.8,998,25,4,29.8,D
1bob16cs,13.3,81,997,30,5,30.1,DD
1bob16cs,13.8,81,996,30,5,30.6,DD
1bob16cs,14.4,81,996,30,5,31.1,DD
1bob16cs,14.4,81,994,30,7,31.1,DD
1bob16cs,15.1,81.4,990,35,7,31.1,CS
1bob16cs,15.6,81.6,990,35,8,31.1,CS
1bob16cs,15.6,81.6,988,40,8,31.1,CS
1bob16cs,16,81.9,988,40,8,31,CS
1bob16cs,16.2,82.2,988,40,8,31,CS
1bob16cs,16.4,82.6,988,40,8,30.6,CS
1bob16cs,16.8,82.8,988,40,8,30,CS
1bob16cs,17.2,83.3,988,40,8,29.8,CS
1bob16cs,18,84.2,988,40,8,30.1,CS
1bob16cs,18.4,84.6,988,40,9,30.3,CS
1bob16cs,18.8,85,988,40,9,30,CS
1bob16cs,19.7,86.5,988,40,9,30.2,CS
1bob16cs,20.1,87.1,986,40,9,30.4,CS
1bob16cs,20.4,87.7,984,45,11,30.2,CS
1bob16cs,20.7,88.4,983,45,11,30.2,CS
1bob16cs,21,89,983,45,11,29.8,CS
1bob16cs,21.5,90.3,983,45,11,29.9,CS
1bob16cs,21.9,91,983,45,11,30.3,CS
1bob16cs,22.5,91.5,983,45,11,30,CS
6bob16dd,13.5,88.5,1003,25,3,29.5,D
6bob16dd,13.6,88.8,1003,25,3,29.3,D
6bob16dd,13.7,89.3,1003,25,3,29.4,D
6bob16dd,13.9,89.8,1003,25,3,29.4,D
6bob16dd,13.9,89.9,1003,25,3,29.4,D
6bob16dd,13.9,90,1002,25,4,29.3,D
6bob16dd,14,90.5,1002,25,4,29.3,D
6bob16dd,14.5,91.3,1002,25,4,29.1,D
6bob16dd,14.9,92,1002,25,4,29,D
6bob16dd,15.2,92.5,1002,25,4,29.3,D
6bob16dd,15.5,93,1002,25,4,29.6,D
6bob16dd,15.5,93,1000,30,5,29.6,DD
6bob16dd,15.5,93,1000,30,5,29.6,DD
6bob16dd,15.7,93.1,1000,30,5,29.3,DD
6bob16dd,16,93.2,1000,30,5,29.3,DD
6bob16dd,16.4,93.2,1000,30,5,29.4,DD
6bob16dd,16.4,93.2,1000,30,5,29.4,DD
6bob16dd,16.5,93.1,1000,30,5,29.4,DD
6bob16dd,16.7,92.7,1000,30,5,29.4,DD
6bob16dd,16.8,92.3,1000,30,5,29.1,DD
6bob16dd,16.9,91.7,1000,30,5,28.7,DD
6bob16dd,17,91.2,998,35,6,28.8,CS
6bob16dd,17,90.9,998,35,6,28.8,CS
6bob16dd,16.8,90.6,998,35,6,28.8,CS
6bob16dd,16.9,90.5,998,35,6,28.8,CS
6bob16dd,16.7,90.2,998,35,6,28.8,CS
6bob16dd,16.7,89.8,998,35,6,28.9,CS
6bob16dd,16.5,89.6,997,35,7,29.1,CS
6bob16dd,16.6,89,996,40,8,28.7,CS
6bob16dd,16.6,88.5,996,40,8,28.8,CS
6bob16dd,16.5,88,996,40,8,28.8,CS
6bob16dd,16.4,87.5,996,40,8,29,CS
6bob16dd,16.3,87,996,40,8,28.9,CS
6bob16dd,16.2,86.6,997,40,7,28.8,CS
6bob16dd,16.1,86.4,998,35,6,28.7,CS
6bob16dd,15.9,85.9,1000,30,5,28.5,DD
6bob16dd,15.7,85.5,1002,30,5,28.2,DD
6bob16dd,15.6,85,1002,30,5,28.2,DD
6bob16dd,15.6,84.5,1003,30,5,28.3,DD
6bob16dd,15.5,83.5,1004,30,4,28.8,D
6bob16dd,15.4,83,1004,25,3,28.9,D
8bob16cs,6.5,87.5,1004,25,2,28.4,D
8bob16cs,7.2,86.7,1003,25,2,27.8,D
8bob16cs,7.8,85.7,1002,30,3,28.4,DD
8bob16cs,8.2,85.3,1002,35,4,28.5,CS
8bob16cs,8.7,85,1002,35,4,28.6,CS
8bob16cs,9.5,84.3,1002,35,4,28.2,CS
8bob16cs,9.8,84,1000,40,4,27.9,CS
8bob16cs,10,83.5,1000,40,4,27.6,CS
8bob16cs,10.3,83,1000,40,4,27.4,CS
8bob16cs,10.4,82,1000,40,4,27.2,CS
8bob16cs,10.4,81.8,1000,35,4,27.4,CS
8bob16cs,10.4,81.7,1001,30,4,27.6,CS
8bob16cs,10.6,81.2,1003,30,3,27.6,DD
8bob16cs,10.7,80.7,1004,30,3,27.7,DD
8bob16cs,10.8,80.2,1006,25,2,27.6,D
9bob16vscs,8.5,91,1002,25,3,29,D
9bob16vscs,8.5,90.5,1002,25,3,28.9,D
9bob16vscs,9.5,90.5,1002,25,3,28.9,D
9bob16vscs,9.8,90.5,1002,25,4,28.3,D
9bob16vscs,9.8,90.5,1002,25,4,28.3,D
9bob16vscs,9.8,90.5,1002,25,4,28.3,D
9bob16vscs,10,90.5,1002,25,4,28.3,D
9bob16vscs,10.8,90.5,1000,30,5,28.4,DD
9bob16vscs,11.2,90.5,998,35,6,28.4,CS
9bob16vscs,11.5,90.5,998,35,7,28.4,CS
9bob16vscs,11.5,90.5,998,35,7,28.4,CS
9bob16vscs,11.5,90.5,998,35,7,28.4,CS
9bob16vscs,11.7,90.5,997,40,8,28.3,CS
9bob16vscs,11.7,90.5,997,40,8,28.3,CS
9bob16vscs,11.8,90.5,997,40,8,28.4,CS
9bob16vscs,12,90.5,997,40,8,28.4,CS
9bob16vscs,12,90.4,996,45,10,28.1,CS
9bob16vscs,12.1,90.4,996,45,10,28.1,CS
9bob16vscs,12.1,90.3,996,45,10,28.1,CS
9bob16vscs,12.2,90.3,996,45,10,28.1,CS
9bob16vscs,12.2,90,996,45,10,28.1,CS
9bob16vscs,12.2,89.9,994,45,12,28.1,CS
9bob16vscs,12.3,89.6,992,50,14,28.2,SCS
9bob16vscs,12.5,89,990,55,16,28.4,SCS
9bob16vscs,12.6,88.4,990,55,16,28.3,SCS
9bob16vscs,12.7,88,990,55,16,28.2,SCS
9bob16vscs,13,87.4,990,55,16,28.1,SCS
9bob16vscs,13.1,86.8,988,60,18,28.1,SCS
9bob16vscs,13.2,86.4,984,65,22,28,VSCS
9bob16vscs,13.3,85.9,984,65,22,27.7,VSCS
9bob16vscs,13.3,85.3,984,65,22,27.8,VSCS
9bob16vscs,13.3,85,982,65,22,27.7,VSCS
9bob16vscs,13.3,84.7,980,70,24,27.1,VSCS
9bob16vscs,13.1,84.3,980,70,24,27.2,VSCS
9bob16vscs,13.1,83.7,980,70,24,27.2,VSCS
9bob16vscs,13.1,83.3,980,70,24,27,VSCS
9bob16vscs,13.3,83,980,70,24,27.1,VSCS
9bob16vscs,13.3,82.5,980,70,24,27.5,VSCS
9bob16vscs,13.1,82.3,980,70,24,27.6,VSCS
9bob16vscs,13.2,81.9,978,70,26,27.9,VSCS
9bob16vscs,13.2,81.6,975,70,26,26.9,VSCS
9bob16vscs,13.2,81.2,975,70,26,27.3,VSCS
9bob16vscs,13.2,80.7,975,70,26,26.9,VSCS
9bob16vscs,13.1,80.3,975,60,26,26.5,SCS
1arb15cs,14.5,68.5,1004,25,3,30.1,D
1arb15cs,15,68.2,1004,25,3,30.2,D
1arb15cs,16,68,1003,25,4,30.3,D
1arb15cs,16.5,68,1003,25,4,30.3,D
1arb15cs,17.5,67.5,996,30,5,30.1,DD
1arb15cs,17.9,67.2,994,35,7,30.5,CS
1arb15cs,17.9,67.2,994,35,7,30.5,CS
1arb15cs,18.5,66.7,994,35,7,30.5,CS
1arb15cs,18.6,66.5,994,35,7,30.3,CS
1arb15cs,18.8,66.2,994,35,7,30.1,CS
1arb15cs,19.2,65.7,994,35,7,29.8,CS
1arb15cs,19.5,65.3,994,35,7,29.6,CS
1arb15cs,20,65,992,35,8,29,CS
1arb15cs,20,65,992,35,8,29,CS
1arb15cs,20.3,64.6,990,35,10,28.3,CS
1arb15cs,20.5,63.8,990,40,10,28.5,CS
1arb15cs,21,63,990,40,10,29.2,CS
1arb15cs,21.2,62.5,990,40,10,29.4,CS
1arb15cs,21.2,62.5,990,45,10,29.4,CS
1arb15cs,21.3,62.3,990,45,10,29.6,CS
1arb15cs,21.3,62.1,990,45,10,29.9,CS
1arb15cs,21.3,61.8,990,45,10,30,CS
1arb15cs,21.3,61.5,990,45,10,30.1,CS
1arb15cs,21.2,61.1,990,45,10,29.7,CS
1arb15cs,21.2,61.1,990,45,10,29.7,CS
1arb15cs,20.9,60.8,990,45,10,29.4,CS
1arb15cs,20.9,60.8,992,45,10,29.4,CS
1arb15cs,20.9,60.8,992,45,10,29.4,CS
1arb15cs,20.8,60.8,994,40,10,27.1,CS
1arb15cs,20.8,60.8,994,40,10,27.1,CS
1arb15cs,20.8,60.5,994,35,10,27.4,CS
1arb15cs,20.8,60.3,994,35,10,27.4,CS
1arb15cs,20.8,60,994,35,10,27.7,CS
1arb15cs,20.8,59.7,994,35,10,27.5,CS
1arb15cs,20.8,59.7,996,30,6,27.5,DD
1arb15cs,20.8,59.5,996,25,4,27.4,D
1arb15cs,20.8,59.5,996,25,4,27.4,D
1arb15cs,20.8,59.5,996,25,4,27.4,D
6bob15d,22,90.8,994,20,3,29.1,D
6bob15d,22,90.8,994,20,3,29.1,D
6bob15d,22,90.5,994,20,3,30,D
6bob15d,22,90.5,994,20,3,30,D
6bob15d,22,90.5,994,20,3,30,D
6bob15d,22,90.5,994,20,3,29.9,D
6bob15d,22,90.5,994,25,4,29.9,D
6bob15d,22,90.5,994,25,4,29.9,D
6bob15d,22,90.5,994,25,4,29.3,D
6bob15d,22,90.5,994,25,4,29.9,D
6bob15d,22,90.5,994,25,4,29.9,D
6bob15d,22,90.5,994,25,4,29.9,D
6bob15d,21.8,90.3,994,25,4,29.9,D
6bob15d,21.5,90.2,994,25,4,29.9,D
6bob15d,21.3,90.6,992,25,4,29.9,D
6bob15d,21,91,990,30,5,29.7,DD
6bob15d,21.1,91,990,30,5,29.7,DD
6bob15d,21.2,91.1,990,30,5,29.7,DD
6bob15d,21.5,91.4,988,30,6,29.7,DD
6bob15d,21.6,91.4,986,35,7,29.7,CS
6bob15d,21.7,91.4,986,35,7,29.7,CS
6bob15d,22,91.4,986,35,7,29.6,CS
6bob15d,22.2,91.4,986,40,8,29.6,CS
6bob15d,22.3,91.4,986,40,8,29.5,CS
6bob15d,22.4,91.4,988,35,7,29.5,CS
10arb15escs,11.5,65,1005,25,3,28.7,D
10arb15escs,11.8,64.9,1004,25,4,28.5,D
10arb15escs,12.5,64.7,1001,30,5,28.6,DD
10arb15escs,13,64.7,1001,30,5,28.8,DD
10arb15escs,13.7,64.3,999,35,7,28.3,CS
10arb15escs,13.8,64.2,997,40,9,28.1,CS
10arb15escs,13.9,63.8,996,45,10,27.9,CS
10arb15escs,14,63.5,994,50,12,27.8,SCS
10arb15escs,14.1,63.3,990,55,16,27.8,SCS
10arb15escs,14.3,62.8,988,60,18,28.6,SCS
10arb15escs,14.3,62.5,984,65,22,29.5,VSCS
10arb15escs,14.3,62.3,976,75,30,29.5,VSCS
10arb15escs,14.3,61.8,966,90,40,30.5,ESCS
10arb15escs,14.3,61.5,954,105,52,30.2,ESCS
10arb15escs,14.3,61.1,948,110,58,29.9,ESCS
10arb15escs,14.2,60.8,940,115,66,29.8,ESCS
10arb15escs,14.1,60.6,940,115,66,29.3,ESCS
10arb15escs,14,60.4,940,115,66,28.8,ESCS
10arb15escs,13.9,60.2,940,115,66,28.6,ESCS
10arb15escs,13.9,59.9,942,115,64,28.5,ESCS
10arb15escs,13.9,59.6,944,110,62,28.5,ESCS
10arb15escs,13.8,59.2,946,110,60,28.7,ESCS
10arb15escs,13.8,58.7,950,105,56,28.9,ESCS
10arb15escs,13.8,58.3,950,105,56,29,ESCS
10arb15escs,13.8,57.9,950,105,56,29.1,ESCS
10arb15escs,13.8,57.5,950,105,56,28.9,ESCS
10arb15escs,13.8,57.2,950,105,56,28.7,ESCS
10arb15escs,13.7,56.8,950,105,56,28.5,ESCS
10arb15escs,13.7,56.4,950,105,56,26.3,ESCS
10arb15escs,13.6,56.1,952,105,54,26.5,ESCS
10arb15escs,13.6,55.6,954,100,52,27.1,ESCS
10arb15escs,13.6,55.1,956,100,50,27.4,ESCS
10arb15escs,13.6,54.6,956,100,50,27.2,ESCS
10arb15escs,13.6,54.2,956,100,50,26.9,ESCS
10arb15escs,13.4,53.7,956,100,50,26.7,ESCS
10arb15escs,13.3,53.1,956,100,50,26,ESCS
10arb15escs,13.2,52.5,958,100,48,26.3,ESCS
10arb15escs,13.2,52.2,960,95,46,26.8,ESCS
10arb15escs,13.3,51.6,964,90,42,27.1,ESCS
10arb15escs,13.3,51,966,90,40,27.3,ESCS
10arb15escs,13.4,50.5,968,85,38,26.3,VSCS
10arb15escs,13.5,50,970,85,36,26.9,VSCS
10arb15escs,13.7,49.6,974,80,32,26.8,VSCS
10arb15escs,13.8,49.3,978,75,28,26.9,VSCS
10arb15escs,14,48.8,984,65,22,26.2,VSCS
6bob14escs,11.5,95,1004,25,3,28.8,D
6bob14escs,11.7,94.8,1004,25,3,28.6,D
6bob14escs,12,94,1000,30,5,28.4,DD
6bob14escs,12,93.5,1000,30,5,28.2,DD
6bob14escs,12.2,93,1000,30,5,28.2,DD
6bob14escs,12.3,92.9,998,35,7,28.2,CS
6bob14escs,12.5,92.5,996,40,8,28.8,CS
6bob14escs,12.7,91.7,996,40,8,28.8,CS
6bob14escs,12.8,91,996,40,8,28.6,CS
6bob14escs,13,90.5,996,40,8,28.5,CS
6bob14escs,13.2,90.2,994,45,9,28.1,CS
6bob14escs,13.5,89.6,992,45,10,27.2,CS
6bob14escs,13.7,89.2,990,45,12,27.1,CS
6bob14escs,13.8,89,988,55,16,27.3,SCS
6bob14escs,13.9,88.8,988,55,16,27.3,SCS
6bob14escs,14.6,88.6,988,55,16,28.3,SCS
6bob14escs,14.1,88.4,988,55,16,28.3,SCS
6bob14escs,14.1,88.1,988,55,16,28.8,SCS
6bob14escs,14.1,87.9,988,55,16,29,SCS
6bob14escs,14.3,87.7,988,60,16,29,SCS
6bob14escs,14.4,87.6,988,60,16,29,SCS
6bob14escs,14.7,87.2,988,60,16,29.3,SCS
6bob14escs,14.8,87,986,60,18,29.4,SCS
6bob14escs,15,86.8,984,65,22,29.4,VSCS
6bob14escs,15.2,86.7,982,70,26,29.5,VSCS
6bob14escs,15.4,86.5,980,75,28,29.6,VSCS
6bob14escs,15.5,86.4,978,75,30,29.6,VSCS
6bob14escs,15.7,86.1,974,75,30,29.6,VSCS
6bob14escs,15.9,85.7,970,75,30,28.3,VSCS
6bob14escs,16,85.4,968,80,34,28.4,VSCS
6bob14escs,16.1,85.1,966,90,40,28.5,ESCS
6bob14escs,16.1,85,964,90,42,28.9,ESCS
6bob14escs,16.2,84.8,962,95,44,28.9,ESCS
6bob14escs,16.2,84.8,960,95,46,28.9,ESCS
6bob14escs,16.4,84.7,954,100,50,29.8,ESCS
6bob14escs,16.7,84.4,952,100,52,29.9,ESCS
6bob14escs,17.2,84.2,950,100,54,27.6,ESCS
6bob14escs,17.4,83.8,950,100,54,28,ESCS
6bob14escs,17.6,83.4,950,100,54,28.8,ESCS
7arb14escs,12.5,61.5,1004,25,3,28.2,D
7arb14escs,12.5,61.5,1004,25,3,28.2,D
7arb14escs,12.5,61.5,1004,25,3,28.2,D
7arb14escs,13,61,1003,25,3,28.5,D
7arb14escs,13,61,1003,25,3,28.5,D
7arb14escs,14,62,1002,25,4,28.7,D
7arb14escs,14,62,999,30,5,28.7,DD
7arb14escs,14.1,62,998,35,6,28.6,CS
7arb14escs,14.1,62,996,35,7,28.6,CS
7arb14escs,14.2,62,994,40,8,28.6,CS
7arb14escs,14.3,62,994,40,8,28.5,CS
7arb14escs,14.4,62,994,45,10,28.5,CS
7arb14escs,14.5,62,994,50,12,28.5,SCS
7arb14escs,14.8,62,990,55,16,28.5,SCS
7arb14escs,14.9,62,990,60,18,28.5,SCS
7arb14escs,14.9,62,986,65,20,28.5,VSCS
7arb14escs,14.9,62,984,65,22,28.5,VSCS
7arb14escs,15,62,982,70,24,28.5,VSCS
7arb14escs,15.1,62,981,70,25,28.6,VSCS
7arb14escs,15.3,62,980,70,26,28.7,VSCS
7arb14escs,15.6,61.8,979,75,27,28.8,VSCS
7arb14escs,15.7,61.8,978,75,28,27,VSCS
7arb14escs,15.8,61.7,977,75,29,27.3,VSCS
7arb14escs,15.9,61.6,974,80,32,27.3,VSCS
7arb14escs,16.3,61.6,966,90,40,27.5,ESCS
7arb14escs,16.7,61.8,954,100,52,28.5,ESCS
7arb14escs,17.2,61.8,952,105,54,28.5,ESCS
7arb14escs,17.6,61.8,950,110,56,28.4,ESCS
7arb14escs,18,61.8,950,110,56,28.5,ESCS
7arb14escs,18.2,62,954,105,52,25.3,ESCS
7arb14escs,18.7,62,958,100,48,25.3,ESCS
7arb14escs,18.9,62,962,95,44,25.6,ESCS
7arb14escs,19,62,968,90,40,25.6,ESCS
7arb14escs,19.2,62.2,974,80,32,26.1,VSCS
7arb14escs,19.4,62.5,980,70,26,26.6,VSCS
7arb14escs,19.4,62.8,986,70,24,26.6,VSCS
7arb14escs,19.4,63.1,988,60,20,26.2,SCS
7arb14escs,19.5,63.6,990,60,18,26.3,SCS
7arb14escs,19.8,64.1,994,50,14,26.6,SCS
7arb14escs,20.2,64.3,998,45,10,26.4,SCS
7arb14escs,20.2,64.5,1000,40,9,26.4,CS
7arb14escs,20.5,64.6,1001,40,8,26.3,CS
7arb14escs,20.6,64.7,1002,35,7,26.3,CS
7arb14escs,20.7,65,1003,30,5,26.4,DD
7arb14escs,20.7,65.1,1004,25,4,26.9,D